LP001001,Male,No,0,Graduate,No,5849,0,,360,1,Urban,Y
LP001002,Male,No,0,Graduate,No,5849,0,,360,1,Urban,Y
LP001003,Male,Yes,1,Graduate,No,4583,1508,128,360,1,Rural,N
LP001004,Male,Yes,1,Graduate,No,4583,1508,128,360,1,Rural,N
LP001005,Male,Yes,0,Graduate,Yes,3000,0,66,360,1,Urban,Y
LP001006,Male,Yes,0,Graduate,Yes,3000,0,66,360,1,Urban,Y
LP001007,Male,Yes,0,Not Graduate,No,2583,2358,120,360,1,Urban,Y
LP001008,Male,Yes,0,Not Graduate,No,2583,2358,120,360,1,Urban,Y
LP001009,Male,No,0,Graduate,No,6000,0,141,360,1,Urban,Y
LP001010,Male,No,0,Graduate,No,6000,0,141,360,1,Urban,Y
LP001011,Male,Yes,2,Graduate,Yes,5417,4196,267,360,1,Urban,Y
LP001012,Male,Yes,2,Graduate,Yes,5417,4196,267,360,1,Urban,Y
LP001013,Male,Yes,0,Not Graduate,No,2333,1516,95,360,1,Urban,Y
LP001014,Male,Yes,0,Not Graduate,No,2333,1516,95,360,1,Urban,Y
LP001015,Male,Yes,3+,Graduate,No,3036,2504,158,360,0,Semiurban,N
LP001016,Male,Yes,3+,Graduate,No,3036,2504,158,360,0,Semiurban,N
LP001017,Male,Yes,2,Graduate,No,4006,1526,168,360,1,Urban,Y
LP001018,Male,Yes,2,Graduate,No,4006,1526,168,360,1,Urban,Y
LP001019,Male,Yes,1,Graduate,No,12841,10968,349,360,1,Semiurban,N
LP001020,Male,Yes,1,Graduate,No,12841,10968,349,360,1,Semiurban,N
LP001021,Male,Yes,2,Graduate,No,3200,700,70,360,1,Urban,Y
LP001022,Male,Yes,2,Graduate,No,3200,700,70,360,1,Urban,Y
LP001023,Male,Yes,2,Graduate,,2500,1840,109,360,1,Urban,Y
LP001024,Male,Yes,2,Graduate,,2500,1840,109,360,1,Urban,Y
LP001025,Male,Yes,2,Graduate,No,3073,8106,200,360,1,Urban,Y
LP001026,Male,Yes,2,Graduate,No,3073,8106,200,360,1,Urban,Y
LP001027,Male,No,0,Graduate,No,1853,2840,114,360,1,Rural,N
LP001028,Male,No,0,Graduate,No,1853,2840,114,360,1,Rural,N
LP001029,Male,Yes,2,Graduate,No,1299,1086,17,120,1,Urban,Y
LP001030,Male,Yes,2,Graduate,No,1299,1086,17,120,1,Urban,Y
LP001031,Male,No,0,Graduate,No,4950,0,125,360,1,Urban,Y
LP001032,Male,No,0,Graduate,No,4950,0,125,360,1,Urban,Y
LP001033,Male,No,1,Not Graduate,No,3596,0,100,240,,Urban,Y
LP001034,Male,No,1,Not Graduate,No,3596,0,100,240,,Urban,Y
LP001035,Male,No,1,Not Graduate,No,3596,0,100,240,,Urban,Y
LP001036,Female,No,0,Graduate,No,3510,0,76,360,0,Urban,N
LP001037,Female,No,0,Graduate,No,3510,0,76,360,0,Urban,N
LP001038,Female,No,0,Graduate,No,3510,0,76,360,0,Urban,N
LP001039,Male,Yes,0,Not Graduate,No,4887,0,133,360,1,Rural,N
LP001040,Male,Yes,0,Not Graduate,No,4887,0,133,360,1,Rural,N
LP001041,Male,Yes,0,Not Graduate,No,4887,0,133,360,1,Rural,N
LP001042,Male,Yes,0,Graduate,,2600,3500,115,,1,Urban,Y
LP001043,Male,Yes,0,Graduate,,2600,3500,115,,1,Urban,Y
LP001044,Male,Yes,0,Graduate,,2600,3500,115,,1,Urban,Y
LP001045,Male,Yes,0,Not Graduate,No,7660,0,104,360,0,Urban,N
LP001046,Male,Yes,0,Not Graduate,No,7660,0,104,360,0,Urban,N
LP001047,Male,Yes,0,Not Graduate,No,7660,0,104,360,0,Urban,N
LP001048,Male,Yes,1,Graduate,No,5955,5625,315,360,1,Urban,Y
LP001049,Male,Yes,1,Graduate,No,5955,5625,315,360,1,Urban,Y
LP001050,Male,Yes,1,Graduate,No,5955,5625,315,360,1,Urban,Y
LP001051,Male,Yes,0,Not Graduate,No,2600,1911,116,360,0,Semiurban,N
LP001052,Male,Yes,0,Not Graduate,No,2600,1911,116,360,0,Semiurban,N
LP001053,Male,Yes,0,Not Graduate,No,2600,1911,116,360,0,Semiurban,N
LP001054,,Yes,2,Not Graduate,No,3365,1917,112,360,0,Rural,N
LP001055,,Yes,2,Not Graduate,No,3365,1917,112,360,0,Rural,N
LP001056,,Yes,2,Not Graduate,No,3365,1917,112,360,0,Rural,N
LP001057,Male,Yes,1,Graduate,,3717,2925,151,360,,Semiurban,N
LP001058,Male,Yes,1,Graduate,,3717,2925,151,360,,Semiurban,N
LP001059,Male,Yes,1,Graduate,,3717,2925,151,360,,Semiurban,N
LP001060,Male,Yes,0,Graduate,Yes,9560,0,191,360,1,Semiurban,Y
LP001061,Male,Yes,0,Graduate,Yes,9560,0,191,360,1,Semiurban,Y
LP001062,Male,Yes,0,Graduate,Yes,9560,0,191,360,1,Semiurban,Y
LP001063,Male,Yes,0,Graduate,No,2799,2253,122,360,1,Semiurban,Y
LP001064,Male,Yes,0,Graduate,No,2799,2253,122,360,1,Semiurban,Y
LP001065,Male,Yes,0,Graduate,No,2799,2253,122,360,1,Semiurban,Y
LP001066,Male,Yes,2,Not Graduate,No,4226,1040,110,360,1,Urban,Y
LP001067,Male,Yes,2,Not Graduate,No,4226,1040,110,360,1,Urban,Y
LP001068,Male,Yes,2,Not Graduate,No,4226,1040,110,360,1,Urban,Y
LP001069,Male,No,0,Not Graduate,No,1442,0,35,360,1,Urban,N
LP001070,Male,No,0,Not Graduate,No,1442,0,35,360,1,Urban,N
LP001071,Male,No,0,Not Graduate,No,1442,0,35,360,1,Urban,N
LP001072,Female,No,2,Graduate,,3750,2083,120,360,1,Semiurban,Y
LP001073,Female,No,2,Graduate,,3750,2083,120,360,1,Semiurban,Y
LP001074,Female,No,2,Graduate,,3750,2083,120,360,1,Semiurban,Y
LP001075,Male,Yes,1,Graduate,,4166,3369,201,360,,Urban,N
LP001076,Male,Yes,1,Graduate,,4166,3369,201,360,,Urban,N
LP001077,Male,Yes,1,Graduate,,4166,3369,201,360,,Urban,N
LP001078,Male,No,0,Graduate,No,3167,0,74,360,1,Urban,N
LP001079,Male,No,0,Graduate,No,3167,0,74,360,1,Urban,N
LP001080,Male,No,0,Graduate,No,3167,0,74,360,1,Urban,N
LP001081,Male,No,1,Graduate,Yes,4692,0,106,360,1,Rural,N
LP001082,Male,No,1,Graduate,Yes,4692,0,106,360,1,Rural,N
LP001083,Male,No,1,Graduate,Yes,4692,0,106,360,1,Rural,N
LP001084,Male,Yes,0,Graduate,No,3500,1667,114,360,1,Semiurban,Y
LP001085,Male,Yes,0,Graduate,No,3500,1667,114,360,1,Semiurban,Y
LP001086,Male,Yes,0,Graduate,No,3500,1667,114,360,1,Semiurban,Y
LP001087,Male,No,3+,Graduate,No,12500,3000,320,360,1,Rural,N
LP001088,Male,No,3+,Graduate,No,12500,3000,320,360,1,Rural,N
LP001089,Male,No,3+,Graduate,No,12500,3000,320,360,1,Rural,N
LP001090,Male,No,3+,Graduate,No,12500,3000,320,360,1,Rural,N
LP001091,Male,Yes,0,Graduate,No,2275,2067,,360,1,Urban,Y
LP001092,Male,Yes,0,Graduate,No,2275,2067,,360,1,Urban,Y
LP001093,Male,Yes,0,Graduate,No,1828,1330,100,,0,Urban,N
LP001094,Male,Yes,0,Graduate,No,1828,1330,100,,0,Urban,N
LP001095,Female,Yes,0,Graduate,No,3667,1459,144,360,1,Semiurban,Y
LP001096,Female,Yes,0,Graduate,No,3667,1459,144,360,1,Semiurban,Y
LP001097,Male,No,0,Graduate,No,4166,7210,184,360,1,Urban,Y
LP001098,Male,No,0,Graduate,No,4166,7210,184,360,1,Urban,Y
LP001099,Male,No,0,Not Graduate,No,3748,1668,110,360,1,Semiurban,Y
LP001100,Male,No,0,Not Graduate,No,3748,1668,110,360,1,Semiurban,Y
LP001101,Male,No,0,Graduate,No,3600,0,80,360,1,Urban,N
LP001102,Male,No,0,Graduate,No,3600,0,80,360,1,Urban,N
LP001103,Male,No,0,Graduate,No,1800,1213,47,360,1,Urban,Y
LP001104,Male,No,0,Graduate,No,1800,1213,47,360,1,Urban,Y
LP001105,Male,Yes,0,Graduate,No,2400,0,75,360,,Urban,Y
LP001106,Male,Yes,0,Graduate,No,2400,0,75,360,,Urban,Y
LP001107,Male,Yes,0,Graduate,No,3941,2336,134,360,1,Semiurban,Y
LP001108,Male,Yes,0,Not Graduate,Yes,4695,0,96,,1,Urban,Y
LP001109,Female,No,0,Graduate,No,3410,0,88,,1,Urban,Y
LP001110,Male,Yes,1,Graduate,No,5649,0,44,360,1,Urban,Y
LP001111,Male,Yes,0,Graduate,No,5821,0,144,360,1,Urban,Y
LP001112,Female,Yes,0,Graduate,No,2645,3440,120,360,0,Urban,N
LP001113,Female,No,0,Graduate,No,4000,2275,144,360,1,Semiurban,Y
LP001114,Female,Yes,0,Not Graduate,No,1928,1644,100,360,1,Semiurban,Y
LP001115,Female,No,0,Graduate,No,3086,0,120,360,1,Semiurban,Y
LP001116,Female,No,0,Graduate,No,4230,0,112,360,1,Semiurban,N
LP001117,Male,Yes,2,Graduate,No,4616,0,134,360,1,Urban,N
LP001118,Female,Yes,1,Graduate,Yes,11500,0,286,360,0,Urban,N
LP001119,Male,Yes,2,Graduate,No,2708,1167,97,360,1,Semiurban,Y
LP001120,Male,Yes,0,Graduate,No,2132,1591,96,360,1,Semiurban,Y
LP001121,Male,Yes,0,Graduate,No,3366,2200,135,360,1,Rural,N
LP001122,Male,Yes,1,Graduate,No,8080,2250,180,360,1,Urban,Y
LP001123,Male,Yes,2,Not Graduate,No,3357,2859,144,360,1,Urban,Y
LP001124,Male,Yes,0,Graduate,No,2500,3796,120,360,1,Urban,Y
LP001125,Male,Yes,3+,Graduate,No,3029,0,99,360,1,Urban,Y
LP001126,Male,Yes,0,Not Graduate,Yes,2609,3449,165,180,0,Rural,N
LP001127,Male,Yes,1,Graduate,No,4945,0,,360,0,Rural,N
LP001128,Female,No,0,Graduate,No,4166,0,116,360,0,Semiurban,N
LP001129,Male,Yes,0,Graduate,No,5726,4595,258,360,1,Semiurban,N
LP001130,Male,No,0,Not Graduate,No,3200,2254,126,180,0,Urban,N
LP001131,Male,Yes,1,Graduate,No,10750,0,312,360,1,Urban,Y
LP001132,Male,Yes,3+,Not Graduate,Yes,7100,0,125,60,1,Urban,Y
LP001133,Female,No,0,Graduate,No,4300,0,136,360,0,Semiurban,N
LP001134,Male,Yes,0,Graduate,No,3208,3066,172,360,1,Urban,Y
LP001135,Male,Yes,2,Not Graduate,Yes,1875,1875,97,360,1,Semiurban,Y
LP001136,Male,No,0,Graduate,No,3500,0,81,300,1,Semiurban,Y
LP001137,Male,Yes,3+,Not Graduate,No,4755,0,95,,0,Semiurban,N
LP001138,Male,Yes,3+,Graduate,Yes,5266,1774,187,360,1,Semiurban,Y
LP001139,Male,No,0,Graduate,No,3750,0,113,480,1,Urban,N
LP001140,Male,No,0,Graduate,No,3750,4750,176,360,1,Urban,N
LP001141,Male,Yes,1,Graduate,Yes,1000,3022,110,360,1,Urban,N
LP001142,Male,Yes,3+,Graduate,No,3167,4000,180,300,0,Semiurban,N
LP001143,Male,Yes,3+,Not Graduate,Yes,3333,2166,130,360,,Semiurban,Y
LP001144,Female,No,0,Graduate,No,3846,0,111,360,1,Semiurban,Y
LP001145,Male,Yes,1,Graduate,Yes,2395,0,,360,1,Semiurban,Y
LP001146,Female,Yes,2,Graduate,No,1378,1881,167,360,1,Urban,N
LP001147,Male,Yes,0,Graduate,No,6000,2250,265,360,,Semiurban,N
LP001148,Male,Yes,1,Graduate,No,3988,0,50,240,1,Urban,Y
LP001149,Male,No,0,Graduate,No,2366,2531,136,360,1,Semiurban,Y
LP001150,Male,Yes,2,Not Graduate,No,3333,2000,99,360,,Semiurban,Y
LP001151,Male,Yes,0,Graduate,No,2500,2118,104,360,1,Semiurban,Y
LP001152,Male,No,0,Graduate,No,8566,0,210,360,1,Urban,Y
LP001153,Male,Yes,0,Graduate,No,5695,4167,175,360,1,Semiurban,Y
LP001154,Male,Yes,0,Graduate,No,2958,2900,131,360,1,Semiurban,Y
LP001155,Male,Yes,2,Graduate,No,6250,5654,188,180,1,Semiurban,Y
LP001156,Male,Yes,2,Not Graduate,No,3273,1820,81,360,1,Urban,Y
LP001157,Male,No,0,Graduate,No,4133,0,122,360,1,Semiurban,Y
LP001158,Male,No,0,Not Graduate,No,3620,0,25,120,1,Semiurban,Y
LP001159,Male,No,0,Graduate,,6782,0,,360,,Urban,N
LP001160,Female,Yes,0,Graduate,No,2484,2302,137,360,1,Semiurban,Y
LP001161,Male,Yes,0,Graduate,No,1977,997,50,360,1,Semiurban,Y
LP001162,Male,Yes,0,Not Graduate,No,4188,0,115,180,1,Semiurban,Y
LP001163,Male,Yes,0,Graduate,No,1759,3541,131,360,1,Semiurban,Y
LP001164,Male,Yes,2,Not Graduate,No,4288,3263,133,180,1,Urban,Y
LP001165,Male,No,0,Graduate,No,4843,3806,151,360,1,Semiurban,Y
LP001166,Male,Yes,,Graduate,No,13650,0,,360,1,Urban,Y
LP001167,Male,Yes,0,Graduate,No,4652,3583,,360,1,Semiurban,Y
LP001168,Male,,,Graduate,No,3816,754,160,360,1,Urban,Y
LP001169,Male,Yes,1,Graduate,No,3052,1030,100,360,1,Urban,Y
LP001170,Male,Yes,2,Graduate,No,11417,1126,225,360,1,Urban,Y
LP001171,Male,No,0,Not Graduate,,7333,0,120,360,1,Rural,N
LP001172,Male,Yes,2,Graduate,No,3800,3600,216,360,0,Urban,N
LP001173,Male,Yes,3+,Not Graduate,No,2071,754,94,480,1,Semiurban,Y
LP001174,Male,No,0,Graduate,No,5316,0,136,360,1,Urban,Y
LP001175,Female,Yes,0,Graduate,,2929,2333,139,360,1,Semiurban,Y
LP001176,Male,Yes,0,Not Graduate,No,3572,4114,152,,0,Rural,N
LP001177,Female,No,1,Graduate,Yes,7451,0,,360,1,Semiurban,Y
LP001178,Male,No,0,Graduate,,5050,0,118,360,1,Semiurban,Y
LP001179,Male,Yes,1,Graduate,No,14583,0,185,180,1,Rural,Y
LP001180,Female,Yes,0,Graduate,No,3167,2283,154,360,1,Semiurban,Y
LP001181,Male,Yes,1,Graduate,No,2214,1398,85,360,,Urban,Y
LP001182,Male,Yes,0,Graduate,No,5568,2142,175,360,1,Rural,N
LP001183,Female,No,0,Graduate,No,10408,0,259,360,1,Urban,Y
LP001184,Male,Yes,,Graduate,No,5667,2667,180,360,1,Rural,Y
LP001185,Female,No,0,Graduate,No,4166,0,44,360,1,Semiurban,Y
LP001186,Female,No,0,Graduate,No,2137,8980,137,360,0,Semiurban,Y
LP001187,Male,Yes,2,Graduate,No,2957,0,81,360,1,Semiurban,Y
LP001188,Male,Yes,0,Not Graduate,No,4300,2014,194,360,1,Rural,Y
LP001189,Female,No,0,Graduate,No,3692,0,93,360,,Rural,Y
LP001190,,Yes,3+,Graduate,No,23803,0,370,360,1,Rural,Y
LP001191,Male,No,0,Graduate,No,3865,1640,,360,1,Rural,Y
LP001192,Male,Yes,1,Graduate,Yes,10513,3850,160,180,0,Urban,N
LP001193,Male,Yes,0,Graduate,No,6080,2569,182,360,,Rural,N
LP001194,Male,No,0,Graduate,Yes,20166,0,650,480,,Urban,Y
LP001195,Male,No,0,Graduate,No,2014,1929,74,360,1,Urban,Y
LP001196,Male,No,0,Graduate,No,2718,0,70,360,1,Semiurban,Y
LP001197,Male,Yes,0,Graduate,Yes,3459,0,25,120,1,Semiurban,Y
LP001198,Male,No,0,Graduate,No,4895,0,102,360,1,Semiurban,Y
LP001199,Male,Yes,3+,Graduate,No,4000,7750,290,360,1,Semiurban,N
LP001200,Female,Yes,0,Graduate,No,4583,0,84,360,1,Rural,N
LP001201,Male,Yes,2,Graduate,Yes,3316,3500,88,360,1,Urban,Y
LP001202,Male,No,0,Graduate,No,14999,0,242,360,0,Semiurban,N
LP001203,Male,Yes,2,Not Graduate,No,4200,1430,129,360,1,Rural,N
LP001204,Male,Yes,2,Graduate,No,5042,2083,185,360,1,Rural,N
LP001205,Male,No,0,Graduate,No,5417,0,168,360,1,Urban,Y
LP001206,Male,No,0,Graduate,Yes,6950,0,175,180,1,Semiurban,Y
LP001207,Male,Yes,0,Graduate,No,2698,2034,122,360,1,Semiurban,Y
LP001208,Male,Yes,2,Graduate,No,11757,0,187,180,1,Urban,Y
LP001209,Female,Yes,0,Graduate,No,2330,4486,100,360,1,Semiurban,Y
LP001210,Female,Yes,2,Graduate,No,14866,0,70,360,1,Urban,Y
LP001211,Male,Yes,1,Graduate,No,1538,1425,30,360,1,Urban,Y
LP001212,Female,No,0,Graduate,No,10000,1666,225,360,1,Rural,N
LP001213,Male,Yes,0,Graduate,No,4860,830,125,360,1,Semiurban,Y
LP001214,Male,No,0,Graduate,No,6277,0,118,360,0,Rural,N
LP001215,Male,Yes,0,Graduate,Yes,2577,3750,152,360,1,Rural,Y
LP001216,Male,No,0,Graduate,No,9166,0,244,360,1,Urban,N
LP001217,Male,Yes,2,Not Graduate,No,2281,0,113,360,1,Rural,N
LP001218,Male,No,0,Graduate,No,3254,0,50,360,1,Urban,Y
LP001219,Male,Yes,3+,Graduate,No,39999,0,600,180,0,Semiurban,Y
LP001220,Male,Yes,1,Graduate,No,6000,0,160,360,,Rural,Y
LP001221,Male,Yes,1,Graduate,No,9538,0,187,360,1,Urban,Y
LP001222,Male,No,0,Graduate,,2980,2083,120,360,1,Rural,Y
LP001223,Male,Yes,0,Graduate,No,4583,5625,255,360,1,Semiurban,Y
LP001224,Male,Yes,0,Not Graduate,No,1863,1041,98,360,1,Semiurban,Y
LP001225,Male,Yes,0,Graduate,No,7933,0,275,360,1,Urban,N
LP001226,Male,Yes,1,Graduate,No,3089,1280,121,360,0,Semiurban,N
LP001227,Male,Yes,2,Graduate,No,4167,1447,158,360,1,Rural,Y
LP001228,Male,Yes,0,Graduate,No,9323,0,75,180,1,Urban,Y
LP001229,Male,Yes,0,Graduate,No,3707,3166,182,,1,Rural,Y
LP001230,Female,Yes,0,Graduate,No,4583,0,112,360,1,Rural,N
LP001231,Male,Yes,0,Graduate,No,2439,3333,129,360,1,Rural,Y
LP001232,Male,No,0,Graduate,No,2237,0,63,480,0,Semiurban,N
LP001233,Male,Yes,2,Graduate,No,8000,0,200,360,1,Semiurban,Y
LP001234,Male,Yes,0,Not Graduate,,1820,1769,95,360,1,Rural,Y
LP001235,,Yes,3+,Graduate,No,51763,0,700,300,1,Urban,Y
LP001236,Male,Yes,3+,Not Graduate,No,3522,0,81,180,1,Rural,N
LP001237,Male,Yes,0,Graduate,No,5708,5625,187,360,1,Semiurban,Y
LP001238,Male,Yes,0,Not Graduate,Yes,4344,736,87,360,1,Semiurban,N
LP001239,Male,Yes,0,Graduate,No,3497,1964,116,360,1,Rural,Y
LP001240,Male,Yes,2,Graduate,No,2045,1619,101,360,1,Rural,Y
LP001241,Male,Yes,3+,Graduate,No,5516,11300,495,360,0,Semiurban,N
LP001242,Male,Yes,1,Graduate,No,3750,0,116,360,1,Semiurban,Y
LP001243,Male,No,0,Not Graduate,No,2333,1451,102,480,0,Urban,N
LP001244,Male,Yes,1,Graduate,No,6400,7250,180,360,0,Urban,N
LP001245,Male,No,0,Graduate,No,1916,5063,67,360,,Rural,N
LP001246,Male,Yes,0,Graduate,No,4600,0,73,180,1,Semiurban,Y
LP001247,Male,Yes,1,Graduate,No,33846,0,260,360,1,Semiurban,N
LP001248,Female,Yes,0,Graduate,No,3625,0,108,360,1,Semiurban,Y
LP001249,Male,Yes,0,Graduate,Yes,39147,4750,120,360,1,Semiurban,Y
LP001250,Male,Yes,1,Graduate,Yes,2178,0,66,300,0,Rural,N
LP001251,Male,Yes,0,Graduate,No,2383,2138,58,360,,Rural,Y
LP001252,,Yes,0,Graduate,Yes,674,5296,168,360,1,Rural,Y
LP001253,Male,Yes,0,Graduate,No,9328,0,188,180,1,Rural,Y
LP001254,Male,No,0,Not Graduate,No,4885,0,48,360,1,Rural,Y
LP001255,Male,No,0,Graduate,No,12000,0,164,360,1,Semiurban,N
LP001256,Male,Yes,0,Not Graduate,No,6033,0,160,360,1,Urban,N
LP001257,Male,Yes,0,Not Graduate,No,6033,0,160,360,1,Urban,N
LP001258,Male,No,0,Graduate,No,3858,0,76,360,1,Semiurban,Y
LP001259,Male,No,0,Graduate,No,3858,0,76,360,1,Semiurban,Y
LP001260,Male,No,0,Graduate,No,4191,0,120,360,1,Rural,Y
LP001261,Male,No,0,Graduate,No,4191,0,120,360,1,Rural,Y
LP001262,Male,Yes,1,Graduate,No,3125,2583,170,360,1,Semiurban,N
LP001263,Male,Yes,1,Graduate,No,3125,2583,170,360,1,Semiurban,N
LP001264,Male,No,0,Graduate,No,8333,3750,187,360,1,Rural,Y
LP001265,Male,No,0,Graduate,No,8333,3750,187,360,1,Rural,Y
LP001266,Female,No,0,Not Graduate,No,1907,2365,120,,1,Urban,Y
LP001267,Female,No,0,Not Graduate,No,1907,2365,120,,1,Urban,Y
LP001268,Female,Yes,0,Graduate,No,3416,2816,113,360,,Semiurban,Y
LP001269,Female,Yes,0,Graduate,No,3416,2816,113,360,,Semiurban,Y
LP001270,Male,No,0,Graduate,Yes,11000,0,83,360,1,Urban,N
LP001271,Male,No,0,Graduate,Yes,11000,0,83,360,1,Urban,N
LP001272,Male,Yes,1,Not Graduate,No,2600,2500,90,360,1,Semiurban,Y
LP001273,Male,Yes,1,Not Graduate,No,2600,2500,90,360,1,Semiurban,Y
LP001274,Male,No,2,Graduate,No,4923,0,166,360,0,Semiurban,Y
LP001275,Male,No,2,Graduate,No,4923,0,166,360,0,Semiurban,Y
LP001276,Male,Yes,3+,Not Graduate,No,3992,0,,180,1,Urban,N
LP001277,Male,Yes,3+,Not Graduate,No,3992,0,,180,1,Urban,N
LP001278,Male,Yes,1,Not Graduate,No,3500,1083,135,360,1,Urban,Y
LP001279,Male,Yes,1,Not Graduate,No,3500,1083,135,360,1,Urban,Y
LP001280,Male,Yes,2,Not Graduate,No,3917,0,124,360,1,Semiurban,Y
LP001281,Male,Yes,2,Not Graduate,No,3917,0,124,360,1,Semiurban,Y
LP001282,Female,No,0,Not Graduate,No,4408,0,120,360,1,Semiurban,Y
LP001283,Female,No,0,Not Graduate,No,4408,0,120,360,1,Semiurban,Y
LP001284,Female,No,0,Graduate,No,3244,0,80,360,1,Urban,Y
LP001285,Female,No,0,Graduate,No,3244,0,80,360,1,Urban,Y
LP001286,Male,No,0,Not Graduate,No,3975,2531,55,360,1,Rural,Y
LP001287,Male,No,0,Not Graduate,No,3975,2531,55,360,1,Rural,Y
LP001288,Male,No,0,Graduate,No,2479,0,59,360,1,Urban,Y
LP001289,Male,No,0,Graduate,No,3418,0,127,360,1,Semiurban,N
LP001290,Female,No,0,Graduate,No,10000,0,214,360,1,Semiurban,N
LP001291,Male,Yes,3+,Graduate,No,3430,1250,128,360,0,Semiurban,N
LP001292,Male,Yes,1,Graduate,Yes,7787,0,240,360,1,Urban,Y
LP001293,Male,Yes,3+,Not Graduate,Yes,5703,0,130,360,1,Rural,Y
LP001294,Male,Yes,0,Graduate,No,3173,3021,137,360,1,Urban,Y
LP001295,Male,Yes,3+,Not Graduate,No,3850,983,100,360,1,Semiurban,Y
LP001296,Male,Yes,0,Graduate,No,150,1800,135,360,1,Rural,N
LP001297,Male,Yes,0,Graduate,No,3727,1775,131,360,1,Semiurban,Y
LP001298,Male,Yes,2,Graduate,,5000,0,72,360,0,Semiurban,N
LP001299,Female,Yes,2,Graduate,No,4283,2383,127,360,,Semiurban,Y
LP001300,Male,Yes,0,Graduate,No,2221,0,60,360,0,Urban,N
LP001301,Male,Yes,2,Graduate,No,4009,1717,116,360,1,Semiurban,Y
LP001302,Male,No,0,Graduate,No,2971,2791,144,360,1,Semiurban,Y
LP001303,Male,Yes,0,Graduate,No,7578,1010,175,,1,Semiurban,Y
LP001304,Male,Yes,0,Graduate,No,6250,0,128,360,1,Semiurban,Y
LP001305,Male,Yes,0,Graduate,No,3250,0,170,360,1,Rural,N
LP001306,Male,Yes,,Not Graduate,Yes,4735,0,138,360,1,Urban,N
LP001307,Male,Yes,2,Graduate,No,6250,1695,210,360,1,Semiurban,Y
LP001308,Male,,,Graduate,No,4758,0,158,480,1,Semiurban,Y
LP001309,Male,No,0,Graduate,Yes,6400,0,200,360,1,Rural,Y
LP001310,Male,Yes,1,Graduate,No,2491,2054,104,360,1,Semiurban,Y
LP001311,Male,Yes,0,Graduate,,3716,0,42,180,1,Rural,Y
LP001312,Male,No,0,Not Graduate,No,3189,2598,120,,1,Rural,Y
LP001313,Female,No,0,Graduate,No,8333,0,280,360,1,Semiurban,Y
LP001314,Male,Yes,1,Graduate,No,3155,1779,140,360,1,Semiurban,Y
LP001315,Male,Yes,1,Graduate,No,5500,1260,170,360,1,Rural,Y
LP001316,Male,Yes,0,Graduate,,5746,0,255,360,,Urban,N
LP001317,Female,No,0,Graduate,Yes,3463,0,122,360,,Urban,Y
LP001318,Female,No,1,Graduate,No,3812,0,112,360,1,Rural,Y
LP001319,Male,Yes,1,Graduate,No,3315,0,96,360,1,Semiurban,Y
LP001320,Male,Yes,2,Graduate,No,5819,5000,120,360,1,Rural,Y
LP001321,Male,Yes,1,Not Graduate,No,2510,1983,140,180,1,Urban,N
LP001322,Male,No,0,Graduate,No,2965,5701,155,60,1,Urban,Y
LP001323,Male,Yes,2,Graduate,Yes,6250,1300,108,360,1,Rural,Y
LP001324,Male,Yes,0,Not Graduate,No,3406,4417,123,360,1,Semiurban,Y
LP001325,Male,No,0,Graduate,Yes,6050,4333,120,180,1,Urban,N
LP001326,Male,Yes,2,Graduate,No,9703,0,112,360,1,Urban,Y
LP001327,Male,Yes,1,Not Graduate,No,6608,0,137,180,1,Urban,Y
LP001328,Male,Yes,1,Graduate,No,2882,1843,123,480,1,Semiurban,Y
LP001329,Male,Yes,0,Graduate,No,1809,1868,90,360,1,Urban,Y
LP001330,Male,Yes,0,Not Graduate,No,1668,3890,201,360,0,Semiurban,N
LP001331,Female,No,2,Graduate,No,3427,0,138,360,1,Urban,N
LP001332,Male,No,0,Not Graduate,Yes,2583,2167,104,360,1,Rural,Y
LP001333,Male,Yes,1,Not Graduate,No,2661,7101,279,180,1,Semiurban,Y
LP001334,Male,No,0,Graduate,Yes,16250,0,192,360,0,Urban,N
LP001335,Female,No,3+,Graduate,No,3083,0,255,360,1,Rural,Y
LP001336,Male,No,0,Not Graduate,No,6045,0,115,360,0,Rural,N
LP001337,Male,Yes,3+,Graduate,No,5250,0,94,360,1,Urban,N
LP001338,Male,Yes,0,Graduate,No,14683,2100,304,360,1,Rural,N
LP001339,Male,Yes,3+,Not Graduate,No,4931,0,128,360,,Semiurban,N
LP001340,Male,Yes,1,Graduate,No,6083,4250,330,360,,Urban,Y
LP001341,Male,No,0,Graduate,No,2060,2209,134,360,1,Semiurban,Y
LP001342,Female,No,1,Graduate,No,3481,0,155,36,1,Semiurban,N
LP001343,Female,No,0,Graduate,No,7200,0,120,360,1,Rural,Y
LP001344,Male,No,0,Graduate,Yes,5166,0,128,360,1,Semiurban,Y
LP001345,Male,No,0,Graduate,No,4095,3447,151,360,1,Rural,Y
LP001346,Male,Yes,2,Graduate,No,4708,1387,150,360,1,Semiurban,Y
LP001347,Male,Yes,3+,Graduate,No,4333,1811,160,360,0,Urban,Y
LP001348,Female,No,0,Graduate,,3418,0,135,360,1,Rural,N
LP001349,Female,No,1,Graduate,No,2876,1560,90,360,1,Urban,Y
LP001350,Female,No,0,Graduate,No,3237,0,30,360,1,Urban,Y
LP001351,Male,Yes,0,Graduate,No,11146,0,136,360,1,Urban,Y
LP001352,Male,No,0,Graduate,No,2833,1857,126,360,1,Rural,Y
LP001353,Male,Yes,0,Graduate,No,2620,2223,150,360,1,Semiurban,Y
LP001354,Male,Yes,2,Graduate,No,3900,0,90,360,1,Semiurban,Y
LP001355,Male,Yes,1,Graduate,No,2750,1842,115,360,1,Semiurban,Y
LP001356,Male,Yes,0,Graduate,No,3993,3274,207,360,1,Semiurban,Y
LP001357,Male,Yes,0,Graduate,No,3103,1300,80,360,1,Urban,Y
LP001358,Male,Yes,0,Graduate,No,14583,0,436,360,1,Semiurban,Y
LP001359,Female,Yes,0,Not Graduate,No,4100,0,124,360,,Rural,Y
LP001360,Male,No,1,Not Graduate,Yes,4053,2426,158,360,0,Urban,N
LP001361,Male,Yes,0,Graduate,No,3927,800,112,360,1,Semiurban,Y
LP001362,Male,Yes,2,Graduate,No,2301,985.7999878,78,180,1,Urban,Y
LP001363,Female,No,0,Graduate,No,1811,1666,54,360,1,Urban,Y
LP001364,Male,Yes,0,Graduate,No,20667,0,,360,1,Rural,N
LP001365,Male,No,0,Graduate,No,3158,3053,89,360,1,Rural,Y
LP001366,Female,No,0,Graduate,Yes,2600,1717,99,300,1,Semiurban,N
LP001367,Male,Yes,0,Graduate,No,3704,2000,120,360,1,Rural,Y
LP001368,Female,No,0,Graduate,No,4124,0,115,360,1,Semiurban,Y
LP001369,Male,No,0,Graduate,No,9508,0,187,360,1,Rural,Y
LP001370,Male,Yes,0,Graduate,No,3075,2416,139,360,1,Rural,Y
LP001371,Male,Yes,2,Graduate,No,4400,0,127,360,0,Semiurban,N
LP001372,Male,Yes,2,Graduate,No,3153,1560,134,360,1,Urban,Y
LP001373,Female,No,,Graduate,No,5417,0,143,480,0,Urban,N
LP001374,Male,Yes,0,Graduate,No,2383,3334,172,360,1,Semiurban,Y
LP001375,Male,Yes,3+,Graduate,,4416,1250,110,360,1,Urban,Y
LP001376,Male,Yes,1,Graduate,No,6875,0,200,360,1,Semiurban,Y
LP001377,Female,Yes,1,Graduate,No,4666,0,135,360,1,Urban,Y
LP001378,Female,No,0,Graduate,No,5000,2541,151,480,1,Rural,N
LP001379,Male,Yes,1,Graduate,No,2014,2925,113,360,1,Urban,N
LP001380,Male,Yes,0,Not Graduate,No,1800,2934,93,360,0,Urban,N
LP001381,Male,Yes,,Not Graduate,No,2875,1750,105,360,1,Semiurban,Y
LP001382,Female,No,0,Graduate,No,5000,0,132,360,1,Rural,Y
LP001383,Male,Yes,1,Graduate,No,1625,1803,96,360,1,Urban,Y
LP001384,Male,No,0,Graduate,No,4000,2500,140,360,1,Rural,Y
LP001385,Male,No,0,Not Graduate,No,2000,0,,360,1,Urban,N
LP001386,Female,No,0,Graduate,No,3762,1666,135,360,1,Rural,Y
LP001387,Female,No,0,Graduate,No,2400,1863,104,360,0,Urban,N
LP001388,Male,No,0,Graduate,No,20233,0,480,360,1,Rural,N
LP001389,Male,Yes,2,Not Graduate,No,7667,0,185,360,,Rural,Y
LP001390,Female,No,0,Graduate,No,2917,0,84,360,1,Semiurban,Y
LP001391,Male,No,0,Not Graduate,No,2927,2405,111,360,1,Semiurban,Y
LP001392,Female,No,0,Graduate,No,2507,0,56,360,1,Rural,Y
LP001393,Male,Yes,2,Graduate,Yes,5746,0,144,84,,Rural,Y
LP001394,,Yes,0,Graduate,No,2473,1843,159,360,1,Rural,N
LP001395,Male,Yes,1,Not Graduate,No,3399,1640,111,180,1,Urban,Y
LP001396,Male,Yes,2,Graduate,No,3717,0,120,360,1,Semiurban,Y
LP001397,Male,Yes,0,Graduate,No,2058,2134,88,360,,Urban,Y
LP001398,Female,No,1,Graduate,No,3541,0,112,360,,Semiurban,Y
LP001399,Male,Yes,1,Graduate,Yes,10000,0,155,360,1,Rural,N
LP001400,Male,Yes,0,Graduate,No,2400,2167,115,360,1,Semiurban,Y
LP001401,Male,Yes,3+,Graduate,No,4342,189,124,360,1,Semiurban,Y
LP001402,Male,Yes,2,Not Graduate,No,3601,1590,,360,1,Rural,Y
LP001403,Female,No,0,Graduate,No,3166,2985,132,360,,Rural,Y
LP001404,Male,Yes,3+,Graduate,No,15000,0,300,360,1,Rural,Y
LP001405,Male,Yes,1,Graduate,Yes,8666,4983,376,360,0,Rural,N
LP001406,Male,No,0,Graduate,No,4917,0,130,360,0,Rural,Y
LP001407,Male,Yes,0,Graduate,Yes,5818,2160,184,360,1,Semiurban,Y
LP001408,Female,Yes,0,Graduate,No,4333,2451,110,360,1,Urban,N
LP001409,Female,No,0,Graduate,No,2500,0,67,360,1,Urban,Y
LP001410,Male,No,1,Graduate,No,4384,1793,117,360,1,Urban,Y
LP001411,Male,No,0,Graduate,No,2935,0,98,360,1,Semiurban,Y
LP001412,Male,No,,Graduate,No,2833,0,71,360,1,Urban,Y
LP001413,Male,Yes,0,Graduate,,63337,0,490,180,1,Urban,Y
LP001414,,Yes,1,Graduate,Yes,9833,1833,182,180,1,Urban,Y
LP001415,Male,Yes,,Graduate,Yes,5503,4490,70,,1,Semiurban,Y
LP001416,Male,Yes,1,Graduate,,5250,688,160,360,1,Rural,Y
LP001417,Male,Yes,2,Graduate,Yes,2500,4600,176,360,1,Rural,Y
LP001418,Female,No,3+,Not Graduate,No,1830,0,,360,0,Urban,N
LP001419,Female,No,0,Graduate,No,4160,0,71,360,1,Semiurban,Y
LP001420,Male,Yes,3+,Not Graduate,No,2647,1587,173,360,1,Rural,N
LP001421,Male,Yes,3+,Not Graduate,No,2647,1587,173,360,1,Rural,N
LP001422,Female,No,0,Graduate,No,2378,0,46,360,1,Rural,N
LP001423,Female,No,0,Graduate,No,2378,0,46,360,1,Rural,N
LP001424,Male,Yes,1,Not Graduate,No,4554,1229,158,360,1,Urban,Y
LP001425,Male,Yes,1,Not Graduate,No,4554,1229,158,360,1,Urban,Y
LP001426,Male,Yes,3+,Not Graduate,No,3173,0,74,360,1,Semiurban,Y
LP001427,Male,Yes,3+,Not Graduate,No,3173,0,74,360,1,Semiurban,Y
LP001428,Male,Yes,2,Graduate,,2583,2330,125,360,1,Rural,Y
LP001429,Male,Yes,2,Graduate,,2583,2330,125,360,1,Rural,Y
LP001430,Male,Yes,0,Graduate,No,2499,2458,160,360,1,Semiurban,Y
LP001431,Male,Yes,0,Graduate,No,2499,2458,160,360,1,Semiurban,Y
LP001432,Male,Yes,,Not Graduate,No,3523,3230,152,360,0,Rural,N
LP001433,Male,Yes,,Not Graduate,No,3523,3230,152,360,0,Rural,N
LP001434,Male,Yes,2,Not Graduate,No,3083,2168,126,360,1,Urban,Y
LP001435,Male,Yes,2,Not Graduate,No,3083,2168,126,360,1,Urban,Y
LP001436,Male,Yes,0,Graduate,No,6333,4583,259,360,,Semiurban,Y
LP001437,Male,Yes,0,Graduate,No,6333,4583,259,360,,Semiurban,Y
LP001438,Male,Yes,0,Graduate,No,2625,6250,187,360,1,Rural,Y
LP001439,Male,Yes,0,Graduate,No,2625,6250,187,360,1,Rural,Y
LP001440,Male,Yes,0,Graduate,No,9083,0,228,360,1,Semiurban,Y
LP001441,Male,Yes,0,Graduate,No,9083,0,228,360,1,Semiurban,Y
LP001442,Male,No,0,Graduate,No,8750,4167,308,360,1,Rural,N
LP001443,Male,No,0,Graduate,No,8750,4167,308,360,1,Rural,N
LP001444,Male,Yes,3+,Graduate,No,2666,2083,95,360,1,Rural,Y
LP001445,Male,Yes,3+,Graduate,No,2666,2083,95,360,1,Rural,Y
LP001446,Female,Yes,0,Graduate,Yes,5500,0,105,360,0,Rural,N
LP001447,Female,Yes,0,Graduate,Yes,5500,0,105,360,0,Rural,N
LP001448,Female,Yes,0,Graduate,No,2423,505,130,360,1,Semiurban,Y
LP001449,Female,Yes,0,Graduate,No,2423,505,130,360,1,Semiurban,Y
LP001450,Female,No,,Graduate,No,3813,0,116,180,1,Urban,Y
LP001451,Female,No,,Graduate,No,3813,0,116,180,1,Urban,Y
LP001452,Male,Yes,2,Graduate,No,8333,3167,165,360,1,Rural,Y
LP001453,Male,Yes,2,Graduate,No,8333,3167,165,360,1,Rural,Y
LP001454,Male,Yes,1,Graduate,No,3875,0,67,360,1,Urban,N
LP001455,Male,Yes,1,Graduate,No,3875,0,67,360,1,Urban,N
LP001456,Male,Yes,0,Not Graduate,No,3000,1666,100,480,0,Urban,N
LP001457,Male,Yes,0,Not Graduate,No,3000,1666,100,480,0,Urban,N
LP001458,Male,Yes,3+,Graduate,No,5167,3167,200,360,1,Semiurban,Y
LP001459,Male,Yes,3+,Graduate,No,5167,3167,200,360,1,Semiurban,Y
LP001460,Female,No,1,Graduate,No,4723,0,81,360,1,Semiurban,N
LP001461,Male,Yes,2,Graduate,No,5000,3667,236,360,1,Semiurban,Y
LP001462,Male,Yes,0,Graduate,No,4750,2333,130,360,1,Urban,Y
LP001463,Male,Yes,0,Graduate,No,3013,3033,95,300,,Urban,Y
LP001464,Male,No,0,Graduate,Yes,6822,0,141,360,1,Rural,Y
LP001465,Male,No,0,Not Graduate,No,6216,0,133,360,1,Rural,N
LP001466,Male,No,0,Graduate,No,2500,0,96,480,1,Semiurban,N
LP001467,Male,No,0,Graduate,No,5124,0,124,,0,Rural,N
LP001468,Male,Yes,1,Graduate,No,6325,0,175,360,1,Semiurban,Y
LP001469,Male,Yes,0,Graduate,No,19730,5266,570,360,1,Rural,N
LP001470,Female,No,0,Graduate,Yes,15759,0,55,360,1,Semiurban,Y
LP001471,Male,Yes,2,Graduate,No,5185,0,155,360,1,Semiurban,Y
LP001472,Male,Yes,2,Graduate,Yes,9323,7873,380,300,1,Rural,Y
LP001473,Male,No,1,Graduate,No,3062,1987,111,180,0,Urban,N
LP001474,Female,No,0,Graduate,,2764,1459,110,360,1,Urban,Y
LP001475,Male,Yes,0,Graduate,No,4817,923,120,180,1,Urban,Y
LP001476,Male,Yes,3+,Graduate,No,8750,4996,130,360,1,Rural,Y
LP001477,Male,Yes,0,Graduate,No,4310,0,130,360,,Semiurban,Y
LP001478,Male,No,0,Graduate,No,3069,0,71,480,1,Urban,N
LP001479,Male,Yes,2,Graduate,No,5391,0,130,360,1,Urban,Y
LP001480,Male,Yes,0,Graduate,,3333,2500,128,360,1,Semiurban,Y
LP001481,Male,No,0,Graduate,No,5941,4232,296,360,1,Semiurban,Y
LP001482,Female,No,0,Graduate,No,6000,0,156,360,1,Urban,Y
LP001483,Male,No,0,Graduate,Yes,7167,0,128,360,1,Urban,Y
LP001484,Male,Yes,2,Graduate,No,4566,0,100,360,1,Urban,N
LP001485,Male,No,1,Graduate,,3667,0,113,180,1,Urban,Y
LP001486,Male,No,0,Not Graduate,No,2346,1600,132,360,1,Semiurban,Y
LP001487,Male,Yes,0,Not Graduate,No,3010,3136,,360,0,Urban,N
LP001488,Male,Yes,0,Graduate,No,2333,2417,136,360,1,Urban,Y
LP001489,Male,Yes,0,Graduate,No,5488,0,125,360,1,Rural,Y
LP001490,Male,No,3+,Graduate,No,9167,0,185,360,1,Rural,Y
LP001491,Male,Yes,3+,Graduate,No,9504,0,275,360,1,Rural,Y
LP001492,Male,Yes,0,Graduate,No,2583,2115,120,360,,Urban,Y
LP001493,Male,Yes,2,Not Graduate,No,1993,1625,113,180,1,Semiurban,Y
LP001494,Male,Yes,2,Graduate,No,3100,1400,113,360,1,Urban,Y
LP001495,Male,Yes,2,Graduate,No,3276,484,135,360,,Semiurban,Y
LP001496,Female,No,0,Graduate,No,3180,0,71,360,0,Urban,N
LP001497,Male,Yes,0,Graduate,No,3033,1459,95,360,1,Urban,Y
LP001498,Male,No,0,Not Graduate,No,3902,1666,109,360,1,Rural,Y
LP001499,Female,No,0,Graduate,No,1500,1800,103,360,0,Semiurban,N
LP001500,Male,Yes,2,Not Graduate,No,2889,0,45,180,0,Urban,N
LP001501,Male,No,0,Not Graduate,No,2755,0,65,300,1,Rural,N
LP001502,Male,No,0,Graduate,No,2500,20000,103,360,1,Semiurban,Y
LP001503,Female,No,0,Not Graduate,No,1963,0,53,360,1,Semiurban,Y
LP001504,Female,No,0,Graduate,Yes,7441,0,194,360,1,Rural,N
LP001505,Female,No,0,Graduate,No,4547,0,115,360,1,Semiurban,Y
LP001506,Male,Yes,0,Not Graduate,No,2167,2400,115,360,1,Urban,Y
LP001507,Female,No,0,Not Graduate,No,2213,0,66,360,1,Rural,Y
LP001508,Male,Yes,1,Graduate,No,8300,0,152,300,0,Semiurban,N
LP001509,Male,Yes,3+,Graduate,No,81000,0,360,360,0,Rural,N
LP001510,Female,No,1,Not Graduate,Yes,3867,0,62,360,1,Semiurban,N
LP001511,Male,Yes,0,Graduate,,6256,0,160,360,,Urban,Y
LP001512,Male,Yes,0,Not Graduate,No,6096,0,218,360,0,Rural,N
LP001513,Male,Yes,0,Not Graduate,No,2253,2033,110,360,1,Rural,Y
LP001514,Female,Yes,0,Not Graduate,No,2149,3237,178,360,0,Semiurban,N
LP001515,Female,No,0,Graduate,No,2995,0,60,360,1,Urban,Y
LP001516,Female,No,1,Graduate,No,2600,0,160,360,1,Urban,N
LP001517,Male,Yes,2,Graduate,Yes,1600,20000,239,360,1,Urban,N
LP001518,Male,Yes,0,Graduate,No,1025,2773,112,360,1,Rural,Y
LP001519,Male,Yes,0,Graduate,No,3246,1417,138,360,1,Semiurban,Y
LP001520,Male,Yes,0,Graduate,No,5829,0,138,360,1,Rural,Y
LP001521,Female,No,0,Not Graduate,No,2720,0,80,,0,Urban,N
LP001522,Male,Yes,0,Graduate,No,1820,1719,100,360,1,Urban,Y
LP001523,Male,Yes,1,Graduate,No,7250,1667,110,,0,Urban,N
LP001524,Male,Yes,0,Graduate,No,14880,0,96,360,1,Semiurban,Y
LP001525,Male,Yes,0,Graduate,No,2666,4300,121,360,1,Rural,Y
LP001526,Female,No,1,Not Graduate,No,4606,0,81,360,1,Rural,N
LP001527,Male,Yes,2,Graduate,No,5935,0,133,360,1,Semiurban,Y
LP001528,Male,Yes,0,Graduate,No,2920,16.12000084,87,360,1,Rural,Y
LP001529,Male,No,0,Not Graduate,No,2717,0,60,180,1,Urban,Y
LP001530,Female,No,1,Graduate,Yes,8624,0,150,360,1,Semiurban,Y
LP001531,Male,No,0,Graduate,No,6500,0,105,360,0,Rural,N
LP001532,Male,No,0,Graduate,,12876,0,405,360,1,Semiurban,Y
LP001533,Male,Yes,0,Graduate,No,2425,2340,143,360,1,Semiurban,Y
LP001534,Male,No,0,Graduate,No,3750,0,100,360,1,Urban,Y
LP001535,Female,,,Graduate,No,10047,0,,240,1,Semiurban,Y
LP001536,Male,No,0,Graduate,No,1926,1851,50,360,1,Semiurban,Y
LP001537,Male,Yes,0,Graduate,No,2213,1125,,360,1,Urban,Y
LP001538,Male,No,0,Graduate,Yes,10416,0,187,360,0,Urban,N
LP001539,Female,Yes,0,Not Graduate,Yes,7142,0,138,360,1,Rural,Y
LP001540,Male,No,0,Graduate,No,3660,5064,187,360,1,Semiurban,Y
LP001541,Male,Yes,0,Graduate,No,7901,1833,180,360,1,Rural,Y
LP001542,Male,No,3+,Not Graduate,No,4707,1993,148,360,1,Semiurban,Y
LP001543,Male,No,1,Graduate,No,37719,0,152,360,1,Semiurban,Y
LP001544,Male,Yes,0,Graduate,No,7333,8333,175,300,,Rural,Y
LP001545,Male,Yes,1,Graduate,Yes,3466,1210,130,360,1,Rural,Y
LP001546,Male,Yes,2,Not Graduate,No,4652,0,110,360,1,Rural,Y
LP001547,Male,Yes,0,Graduate,,3539,1376,55,360,1,Rural,N
LP001548,Male,Yes,2,Graduate,No,3340,1710,150,360,0,Rural,N
LP001549,Male,No,1,Not Graduate,Yes,2769,1542,190,360,,Semiurban,N
LP001550,Male,Yes,2,Not Graduate,No,2309,1255,125,360,0,Rural,N
LP001551,Male,Yes,2,Not Graduate,No,1958,1456,60,300,,Urban,Y
LP001552,Male,Yes,0,Graduate,No,3948,1733,149,360,0,Rural,N
LP001553,Male,Yes,0,Graduate,No,2483,2466,90,180,0,Rural,Y
LP001554,Male,No,0,Graduate,Yes,7085,0,84,360,1,Semiurban,Y
LP001555,Male,Yes,2,Graduate,No,3859,0,96,360,1,Semiurban,Y
LP001556,Male,Yes,0,Graduate,No,4301,0,118,360,1,Urban,Y
LP001557,Male,Yes,0,Graduate,No,3708,2569,173,360,1,Urban,N
LP001558,Male,No,2,Graduate,No,4354,0,136,360,1,Rural,Y
LP001559,Male,Yes,0,Graduate,No,8334,0,160,360,1,Semiurban,N
LP001560,,Yes,0,Graduate,Yes,2083,4083,160,360,,Semiurban,Y
LP001561,Male,Yes,3+,Graduate,No,7740,0,128,180,1,Urban,Y
LP001562,Male,Yes,0,Graduate,No,3015,2188,153,360,1,Rural,Y
LP001563,Female,No,1,Not Graduate,,5191,0,132,360,1,Semiurban,Y
LP001564,Male,No,0,Graduate,No,4166,0,98,360,0,Semiurban,N
LP001565,Male,No,0,Graduate,No,6000,0,140,360,1,Rural,Y
LP001566,Male,Yes,3+,Not Graduate,No,2947,1664,70,180,0,Urban,N
LP001567,,Yes,0,Graduate,No,16692,0,110,360,1,Semiurban,Y
LP001568,Female,Yes,2,Not Graduate,,210,2917,98,360,1,Semiurban,Y
LP001569,Male,Yes,0,Graduate,No,4333,2451,110,360,1,Urban,N
LP001570,Male,Yes,1,Graduate,Yes,3450,2079,162,360,1,Semiurban,Y
LP001571,Male,Yes,1,Not Graduate,No,2653,1500,113,180,0,Rural,N
LP001572,Male,Yes,3+,Graduate,No,4691,0,100,360,1,Semiurban,Y
LP001573,Female,No,0,Graduate,Yes,2500,0,93,360,,Urban,Y
LP001574,Male,No,2,Graduate,No,5532,4648,162,360,1,Rural,Y
LP001575,Male,Yes,2,Graduate,Yes,16525,1014,150,360,1,Rural,Y
LP001576,Male,Yes,2,Graduate,No,6700,1750,230,300,1,Semiurban,Y
LP001577,,Yes,2,Graduate,No,2873,1872,132,360,0,Semiurban,N
LP001578,Male,Yes,1,Graduate,Yes,16667,2250,86,360,1,Semiurban,Y
LP001579,Male,Yes,2,Graduate,No,2947,1603,,360,1,Urban,N
LP001580,Male,Yes,2,Graduate,No,2947,1603,,360,1,Urban,N
LP001581,Female,No,0,Not Graduate,No,4350,0,154,360,1,Rural,Y
LP001582,Female,No,0,Not Graduate,No,4350,0,154,360,1,Rural,Y
LP001583,Male,Yes,3+,Not Graduate,No,3095,0,113,360,1,Rural,Y
LP001584,Male,Yes,3+,Not Graduate,No,3095,0,113,360,1,Rural,Y
LP001585,Male,Yes,0,Graduate,No,2083,3150,128,360,1,Semiurban,Y
LP001586,Male,Yes,0,Graduate,No,2083,3150,128,360,1,Semiurban,Y
LP001587,Male,Yes,0,Graduate,No,10833,0,234,360,1,Semiurban,Y
LP001588,Male,Yes,0,Graduate,No,10833,0,234,360,1,Semiurban,Y
LP001589,Male,Yes,2,Graduate,No,8333,0,246,360,1,Semiurban,Y
LP001590,Male,Yes,2,Graduate,No,8333,0,246,360,1,Semiurban,Y
LP001591,Male,Yes,1,Not Graduate,No,1958,2436,131,360,1,Rural,Y
LP001592,Male,Yes,1,Not Graduate,No,1958,2436,131,360,1,Rural,Y
LP001593,Male,No,2,Graduate,No,3547,0,80,360,0,Rural,N
LP001594,Male,No,2,Graduate,No,3547,0,80,360,0,Rural,N
LP001595,Male,Yes,1,Graduate,No,18333,0,500,360,1,Urban,N
LP001596,Male,Yes,1,Graduate,No,18333,0,500,360,1,Urban,N
LP001597,Male,Yes,2,Graduate,Yes,4583,2083,160,360,1,Semiurban,Y
LP001598,Male,Yes,2,Graduate,Yes,4583,2083,160,360,1,Semiurban,Y
LP001599,Male,No,0,Graduate,No,2435,0,75,360,1,Urban,N
LP001600,Male,No,0,Graduate,No,2435,0,75,360,1,Urban,N
LP001601,Male,No,0,Not Graduate,No,2699,2785,96,360,,Semiurban,Y
LP001602,Male,No,0,Not Graduate,No,2699,2785,96,360,,Semiurban,Y
LP001603,Male,Yes,1,Not Graduate,No,5333,1131,186,360,,Urban,Y
LP001604,Male,Yes,1,Not Graduate,No,5333,1131,186,360,,Urban,Y
LP001605,Male,No,0,Not Graduate,No,3691,0,110,360,1,Rural,Y
LP001606,Female,No,0,Not Graduate,Yes,17263,0,225,360,1,Semiurban,Y
LP001607,Male,Yes,0,Graduate,No,3597,2157,119,360,0,Rural,N
LP001608,Female,Yes,1,Graduate,No,3326,913,105,84,1,Semiurban,Y
LP001609,Male,Yes,0,Not Graduate,No,2600,1700,107,360,1,Rural,Y
LP001610,Male,Yes,0,Graduate,No,4625,2857,111,12,,Urban,Y
LP001611,Male,Yes,1,Graduate,Yes,2895,0,95,360,1,Semiurban,Y
LP001612,Male,No,0,Graduate,No,6283,4416,209,360,0,Rural,N
LP001613,Female,No,0,Graduate,No,645,3683,113,480,1,Rural,Y
LP001614,Female,No,0,Graduate,No,3159,0,100,360,1,Semiurban,Y
LP001615,Male,Yes,2,Graduate,No,4865,5624,208,360,1,Semiurban,Y
LP001616,Male,Yes,1,Not Graduate,No,4050,5302,138,360,,Rural,N
LP001617,Male,Yes,0,Not Graduate,No,3814,1483,124,300,1,Semiurban,Y
LP001618,Male,Yes,2,Graduate,No,3510,4416,243,360,1,Rural,Y
LP001619,Male,Yes,0,Graduate,No,20833,6667,480,360,,Urban,Y
LP001620,,No,0,Graduate,No,3583,0,96,360,1,Urban,N
LP001621,Male,Yes,0,Graduate,Yes,2479,3013,188,360,1,Urban,Y
LP001622,Female,No,1,Graduate,No,13262,0,40,360,1,Urban,Y
LP001623,Male,No,0,Not Graduate,No,3598,1287,100,360,1,Rural,N
LP001624,Male,Yes,1,Graduate,No,6065,2004,250,360,1,Semiurban,Y
LP001625,Male,Yes,2,Graduate,No,3283,2035,148,360,1,Urban,Y
LP001626,Male,Yes,0,Graduate,No,2130,6666,70,180,1,Semiurban,N
LP001627,Male,No,0,Graduate,No,5815,3666,311,360,1,Rural,N
LP001628,Male,Yes,3+,Graduate,No,3466,3428,150,360,1,Rural,Y
LP001629,Female,Yes,2,Graduate,No,2031,1632,113,480,1,Semiurban,Y
LP001630,Male,Yes,,Not Graduate,No,3074,1800,123,360,0,Semiurban,N
LP001631,Male,No,0,Graduate,No,4683,1915,185,360,1,Semiurban,N
LP001632,Female,No,0,Not Graduate,No,3400,0,95,360,1,Rural,N
LP001633,Male,Yes,2,Not Graduate,No,2192,1742,45,360,1,Semiurban,Y
LP001634,Male,No,0,Graduate,No,2500,0,55,360,1,Semiurban,Y
LP001635,Male,Yes,3+,Graduate,Yes,5677,1424,100,360,1,Rural,Y
LP001636,Male,Yes,2,Graduate,Yes,7948,7166,480,360,1,Rural,Y
LP001637,Male,No,0,Graduate,No,4680,2087,,360,1,Semiurban,N
LP001638,Male,Yes,2,Graduate,Yes,17500,0,400,360,1,Rural,Y
LP001639,Male,Yes,0,Graduate,No,3775,0,110,360,1,Semiurban,Y
LP001640,Male,Yes,1,Not Graduate,No,5285,1430,161,360,0,Semiurban,Y
LP001641,Male,No,1,Not Graduate,No,2679,1302,94,360,1,Semiurban,Y
LP001642,Male,No,0,Not Graduate,No,6783,0,130,360,1,Semiurban,Y
LP001643,Male,Yes,0,Graduate,No,1025,5500,216,360,,Rural,Y
LP001644,Male,Yes,3+,Graduate,No,4281,0,100,360,1,Urban,Y
LP001645,Male,No,2,Graduate,No,3588,0,110,360,0,Rural,N
LP001646,Male,No,1,Graduate,No,11250,0,196,360,,Semiurban,N
LP001647,Female,No,0,Not Graduate,Yes,18165,0,125,360,1,Urban,Y
LP001648,Male,No,0,Not Graduate,,2550,2042,126,360,1,Rural,Y
LP001649,Male,Yes,0,Graduate,No,6133,3906,324,360,1,Urban,Y
LP001650,Male,No,2,Graduate,No,3617,0,107,360,1,Semiurban,Y
LP001651,Male,Yes,0,Not Graduate,No,2917,536,66,360,1,Rural,N
LP001652,Male,Yes,3+,Graduate,No,6417,0,157,180,1,Rural,Y
LP001653,Female,Yes,1,Graduate,No,4608,2845,140,180,1,Semiurban,Y
LP001654,Female,No,0,Graduate,No,2138,0,99,360,0,Semiurban,N
LP001655,Female,No,1,Graduate,,3652,0,95,360,1,Semiurban,Y
LP001656,Male,Yes,1,Not Graduate,No,2239,2524,128,360,1,Urban,Y
LP001657,Female,Yes,0,Not Graduate,No,3017,663,102,360,,Semiurban,Y
LP001658,Male,Yes,0,Graduate,No,2768,1950,155,360,1,Rural,Y
LP001659,Male,Yes,0,Graduate,No,2768,1950,155,360,1,Rural,Y
LP001660,Male,No,0,Not Graduate,No,3358,0,80,36,1,Semiurban,N
LP001661,Male,No,0,Not Graduate,No,3358,0,80,36,1,Semiurban,N
LP001662,Male,No,0,Graduate,No,2526,1783,145,360,1,Rural,Y
LP001663,Male,No,0,Graduate,No,2526,1783,145,360,1,Rural,Y
LP001664,Female,No,0,Graduate,No,5000,0,103,360,0,Semiurban,N
LP001665,Female,No,0,Graduate,No,5000,0,103,360,0,Semiurban,N
LP001666,Male,Yes,0,Graduate,No,2785,2016,110,360,1,Rural,Y
LP001667,Male,Yes,0,Graduate,No,2785,2016,110,360,1,Rural,Y
LP001668,Male,Yes,2,Graduate,Yes,6633,0,,360,0,Rural,N
LP001669,Male,Yes,2,Graduate,Yes,6633,0,,360,0,Rural,N
LP001670,Male,Yes,1,Not Graduate,No,2492,2375,,360,1,Rural,Y
LP001671,Male,Yes,1,Not Graduate,No,2492,2375,,360,1,Rural,Y
LP001672,Male,Yes,1,Graduate,No,3333,3250,158,360,1,Urban,Y
LP001673,Male,Yes,1,Graduate,No,3333,3250,158,360,1,Urban,Y
LP001674,Male,Yes,0,Not Graduate,No,2454,2333,181,360,0,Urban,N
LP001675,Male,Yes,0,Not Graduate,No,2454,2333,181,360,0,Urban,N
LP001676,Male,Yes,0,Graduate,No,3593,4266,132,180,0,Rural,N
LP001677,Male,Yes,0,Graduate,No,3593,4266,132,180,0,Rural,N
LP001678,Male,Yes,1,Graduate,No,5468,1032,26,360,1,Semiurban,Y
LP001679,Male,Yes,1,Graduate,No,5468,1032,26,360,1,Semiurban,Y
LP001680,Female,No,0,Graduate,No,2667,1625,84,360,,Urban,Y
LP001681,Female,No,0,Graduate,No,2667,1625,84,360,,Urban,Y
LP001682,Male,Yes,3+,Graduate,Yes,10139,0,260,360,1,Semiurban,Y
LP001683,Male,Yes,3+,Graduate,Yes,10139,0,260,360,1,Semiurban,Y
LP001684,Male,Yes,0,Graduate,No,3887,2669,162,360,1,Semiurban,Y
LP001685,Male,Yes,0,Graduate,No,3887,2669,162,360,1,Semiurban,Y
LP001686,Female,Yes,0,Graduate,No,4180,2306,182,360,1,Semiurban,Y
LP001687,Female,Yes,0,Graduate,No,4180,2306,182,360,1,Semiurban,Y
LP001688,Male,Yes,2,Not Graduate,No,3675,242,108,360,1,Semiurban,Y
LP001689,Male,Yes,2,Not Graduate,No,3675,242,108,360,1,Semiurban,Y
LP001690,Female,Yes,1,Graduate,Yes,19484,0,600,360,1,Semiurban,Y
LP001691,Female,Yes,1,Graduate,Yes,19484,0,600,360,1,Semiurban,Y
LP001692,Male,Yes,0,Graduate,No,5923,2054,211,360,1,Rural,Y
LP001693,Male,Yes,0,Graduate,No,5923,2054,211,360,1,Rural,Y
LP001694,Male,No,0,Not Graduate,Yes,5800,0,132,360,1,Semiurban,Y
LP001695,Male,No,0,Not Graduate,Yes,5800,0,132,360,1,Semiurban,Y
LP001696,Male,Yes,2,Graduate,No,8799,0,258,360,0,Urban,N
LP001697,Male,Yes,2,Graduate,No,8799,0,258,360,0,Urban,N
LP001698,Male,Yes,0,Not Graduate,No,4467,0,120,360,,Rural,Y
LP001699,Male,Yes,0,Not Graduate,No,4467,0,120,360,,Rural,Y
LP001700,Male,No,0,Graduate,No,3333,0,70,360,1,Urban,Y
LP001701,Male,Yes,3+,Graduate,No,3400,2500,123,360,0,Rural,N
LP001702,Female,No,0,Graduate,No,2378,0,9,360,1,Urban,N
LP001703,Male,Yes,0,Graduate,No,3166,2064,104,360,0,Urban,N
LP001704,Male,Yes,1,Graduate,No,3417,1750,186,360,1,Urban,Y
LP001705,Male,Yes,,Graduate,No,5116,1451,165,360,0,Urban,N
LP001706,Male,Yes,2,Graduate,No,16666,0,275,360,1,Urban,Y
LP001707,Male,Yes,2,Not Graduate,No,6125,1625,187,480,1,Semiurban,N
LP001708,Male,Yes,3+,Graduate,No,6406,0,150,360,1,Semiurban,N
LP001709,Male,Yes,2,Graduate,No,3159,461,108,84,1,Urban,Y
LP001710,,Yes,0,Graduate,No,3087,2210,136,360,0,Semiurban,N
LP001711,Male,No,0,Graduate,No,3229,2739,110,360,1,Urban,Y
LP001712,Male,Yes,1,Graduate,No,1782,2232,107,360,1,Rural,Y
LP001713,Male,No,0,Graduate,,3182,2917,161,360,1,Urban,Y
LP001714,Male,Yes,2,Graduate,No,6540,0,205,360,1,Semiurban,Y
LP001715,Male,No,0,Graduate,No,1836,33837,90,360,1,Urban,N
LP001716,Female,Yes,0,Graduate,No,3166,0,36,360,1,Semiurban,Y
LP001717,Male,Yes,1,Graduate,No,1880,0,61,360,,Rural,N
LP001718,Male,Yes,1,Graduate,No,2787,1917,146,360,0,Rural,N
LP001719,Male,Yes,1,Graduate,No,4283,3000,172,84,1,Rural,N
LP001720,Male,Yes,0,Graduate,No,2297,1522,104,360,1,Urban,Y
LP001721,Female,No,0,Not Graduate,No,2165,0,70,360,1,Semiurban,Y
LP001722,,No,0,Graduate,No,4750,0,94,360,1,Semiurban,Y
LP001723,Male,Yes,2,Graduate,Yes,2726,0,106,360,0,Semiurban,N
LP001724,Male,Yes,0,Graduate,No,3000,3416,56,180,1,Semiurban,Y
LP001725,Male,Yes,2,Graduate,Yes,6000,0,205,240,1,Semiurban,N
LP001726,,No,3+,Graduate,Yes,9357,0,292,360,1,Semiurban,Y
LP001727,Male,Yes,0,Graduate,No,3859,3300,142,180,1,Rural,Y
LP001728,Male,Yes,0,Graduate,Yes,16120,0,260,360,1,Urban,Y
LP001729,Male,No,0,Not Graduate,No,3833,0,110,360,1,Rural,Y
LP001730,Male,Yes,2,Not Graduate,Yes,6383,1000,187,360,1,Rural,N
LP001731,Male,No,,Graduate,No,2987,0,88,360,0,Semiurban,N
LP001732,Male,Yes,0,Graduate,Yes,9963,0,180,360,1,Rural,Y
LP001733,Male,Yes,2,Graduate,No,5780,0,192,360,1,Urban,Y
LP001734,Female,No,3+,Graduate,,416,41667,350,180,,Urban,N
LP001735,Male,Yes,0,Not Graduate,,2894,2792,155,360,1,Rural,Y
LP001736,Male,Yes,3+,Graduate,No,5703,0,128,360,1,Urban,Y
LP001737,Male,No,0,Graduate,No,3676,4301,172,360,1,Rural,Y
LP001738,Female,Yes,1,Graduate,No,12000,0,496,360,1,Semiurban,Y
LP001739,Male,Yes,0,Not Graduate,No,2400,3800,,180,1,Urban,N
LP001740,Male,Yes,1,Graduate,No,3400,2500,173,360,1,Semiurban,Y
LP001741,Male,Yes,2,Not Graduate,No,3987,1411,157,360,1,Rural,Y
LP001742,Male,Yes,0,Graduate,No,3232,1950,108,360,1,Rural,Y
LP001743,Female,No,0,Graduate,No,2900,0,71,360,1,Rural,Y
LP001744,Male,Yes,3+,Graduate,No,4106,0,40,180,1,Rural,Y
LP001745,Male,Yes,1,Graduate,No,8072,240,253,360,1,Urban,Y
LP001746,Male,Yes,2,Graduate,No,7583,0,187,360,1,Urban,Y
LP001747,Female,No,0,Graduate,Yes,4583,0,133,360,0,Semiurban,N
LP001748,Male,Yes,0,Graduate,No,1809,1868,90,360,1,Urban,Y
LP001749,Male,Yes,0,Not Graduate,No,1668,3890,201,360,0,Semiurban,N
LP001750,Female,No,2,Graduate,No,3427,0,138,360,1,Urban,N
LP001751,Male,No,0,Not Graduate,Yes,2583,2167,104,360,1,Rural,Y
LP001752,Male,Yes,1,Not Graduate,No,2661,7101,279,180,1,Semiurban,Y
LP001753,Male,No,0,Graduate,Yes,16250,0,192,360,0,Urban,N
LP001754,Female,No,3+,Graduate,No,3083,0,255,360,1,Rural,Y
LP001755,Male,No,0,Not Graduate,No,6045,0,115,360,0,Rural,N
LP001756,Male,Yes,3+,Graduate,No,5250,0,94,360,1,Urban,N
LP001757,Male,Yes,0,Graduate,No,14683,2100,304,360,1,Rural,N
LP001758,Male,Yes,3+,Not Graduate,No,4931,0,128,360,,Semiurban,N
LP001759,Male,Yes,1,Graduate,No,6083,4250,330,360,,Urban,Y
LP001760,Male,No,0,Graduate,No,2060,2209,134,360,1,Semiurban,Y
LP001761,Female,No,1,Graduate,No,3481,0,155,36,1,Semiurban,N
LP001762,Female,No,0,Graduate,No,7200,0,120,360,1,Rural,Y
LP001763,Male,No,0,Graduate,Yes,5166,0,128,360,1,Semiurban,Y
LP001764,Male,No,0,Graduate,No,4095,3447,151,360,1,Rural,Y
LP001765,Male,Yes,2,Graduate,No,4708,1387,150,360,1,Semiurban,Y
LP001766,Male,Yes,3+,Graduate,No,4333,1811,160,360,0,Urban,Y
LP001767,Female,No,0,Graduate,,3418,0,135,360,1,Rural,N
LP001768,Female,No,1,Graduate,No,2876,1560,90,360,1,Urban,Y
LP001769,Female,No,0,Graduate,No,3237,0,30,360,1,Urban,Y
LP001770,Male,Yes,0,Graduate,No,11146,0,136,360,1,Urban,Y
LP001771,Male,No,0,Graduate,No,2833,1857,126,360,1,Rural,Y
LP001772,Male,Yes,0,Graduate,No,2620,2223,150,360,1,Semiurban,Y
LP001773,Male,Yes,2,Graduate,No,3900,0,90,360,1,Semiurban,Y
LP001774,Male,Yes,1,Graduate,No,2750,1842,115,360,1,Semiurban,Y
LP001775,Male,Yes,0,Graduate,No,3993,3274,207,360,1,Semiurban,Y
LP001776,Male,Yes,0,Graduate,No,3103,1300,80,360,1,Urban,Y
LP001777,Male,Yes,0,Graduate,No,14583,0,436,360,1,Semiurban,Y
LP001778,Female,Yes,0,Not Graduate,No,4100,0,124,360,,Rural,Y
LP001779,Male,No,1,Not Graduate,Yes,4053,2426,158,360,0,Urban,N
LP001780,Male,Yes,0,Graduate,No,3927,800,112,360,1,Semiurban,Y
LP001781,Male,Yes,2,Graduate,No,2301,985.7999878,78,180,1,Urban,Y
LP001782,Female,No,0,Graduate,No,1811,1666,54,360,1,Urban,Y
LP001783,Male,Yes,0,Graduate,No,20667,0,,360,1,Rural,N
LP001784,Male,No,0,Graduate,No,3158,3053,89,360,1,Rural,Y
LP001785,Female,No,0,Graduate,Yes,2600,1717,99,300,1,Semiurban,N
LP001786,Male,Yes,0,Graduate,No,3704,2000,120,360,1,Rural,Y
LP001787,Female,No,0,Graduate,No,4124,0,115,360,1,Semiurban,Y
LP001788,Male,No,0,Graduate,No,9508,0,187,360,1,Rural,Y
LP001789,Male,Yes,0,Graduate,No,3075,2416,139,360,1,Rural,Y
LP001790,Male,Yes,2,Graduate,No,4400,0,127,360,0,Semiurban,N
LP001791,Male,Yes,2,Graduate,No,3153,1560,134,360,1,Urban,Y
LP001792,Female,No,,Graduate,No,5417,0,143,480,0,Urban,N
LP001793,Male,Yes,0,Graduate,No,2383,3334,172,360,1,Semiurban,Y
LP001794,Male,Yes,3+,Graduate,,4416,1250,110,360,1,Urban,Y
LP001795,Male,Yes,1,Graduate,No,6875,0,200,360,1,Semiurban,Y
LP001796,Female,Yes,1,Graduate,No,4666,0,135,360,1,Urban,Y
LP001797,Female,No,0,Graduate,No,5000,2541,151,480,1,Rural,N
LP001798,Male,Yes,1,Graduate,No,2014,2925,113,360,1,Urban,N
LP001799,Male,Yes,0,Not Graduate,No,1800,2934,93,360,0,Urban,N
LP001800,Male,Yes,,Not Graduate,No,2875,1750,105,360,1,Semiurban,Y
LP001801,Female,No,0,Graduate,No,5000,0,132,360,1,Rural,Y
LP001802,Male,Yes,1,Graduate,No,1625,1803,96,360,1,Urban,Y
LP001803,Male,No,0,Graduate,No,4000,2500,140,360,1,Rural,Y
LP001804,Male,No,0,Not Graduate,No,2000,0,,360,1,Urban,N
LP001805,Female,No,0,Graduate,No,3762,1666,135,360,1,Rural,Y
LP001806,Female,No,0,Graduate,No,2400,1863,104,360,0,Urban,N
LP001807,Male,No,0,Graduate,No,20233,0,480,360,1,Rural,N
LP001808,Male,Yes,2,Not Graduate,No,7667,0,185,360,,Rural,Y
LP001809,Female,No,0,Graduate,No,2917,0,84,360,1,Semiurban,Y
LP001810,Male,No,0,Not Graduate,No,2927,2405,111,360,1,Semiurban,Y
LP001811,Female,No,0,Graduate,No,2507,0,56,360,1,Rural,Y
LP001812,Male,Yes,2,Graduate,Yes,5746,0,144,84,,Rural,Y
LP001813,,Yes,0,Graduate,No,2473,1843,159,360,1,Rural,N
LP001814,Male,Yes,1,Not Graduate,No,3399,1640,111,180,1,Urban,Y
LP001815,Male,Yes,2,Graduate,No,3717,0,120,360,1,Semiurban,Y
LP001816,Male,Yes,0,Graduate,No,2058,2134,88,360,,Urban,Y
LP001817,Female,No,1,Graduate,No,3541,0,112,360,,Semiurban,Y
LP001818,Male,Yes,1,Graduate,Yes,10000,0,155,360,1,Rural,N
LP001819,Male,Yes,0,Graduate,No,2400,2167,115,360,1,Semiurban,Y
LP001820,Male,Yes,3+,Graduate,No,4342,189,124,360,1,Semiurban,Y
LP001821,Male,Yes,2,Not Graduate,No,3601,1590,,360,1,Rural,Y
LP001822,Female,No,0,Graduate,No,3166,2985,132,360,,Rural,Y
LP001823,Male,Yes,3+,Graduate,No,15000,0,300,360,1,Rural,Y
LP001824,Male,Yes,1,Graduate,Yes,8666,4983,376,360,0,Rural,N
LP001825,Male,No,0,Graduate,No,4917,0,130,360,0,Rural,Y
LP001826,Male,Yes,0,Graduate,Yes,5818,2160,184,360,1,Semiurban,Y
LP001827,Female,Yes,0,Graduate,No,4333,2451,110,360,1,Urban,N
LP001828,Female,No,0,Graduate,No,2500,0,67,360,1,Urban,Y
LP001829,Male,No,1,Graduate,No,4384,1793,117,360,1,Urban,Y
LP001830,Male,No,0,Graduate,No,2935,0,98,360,1,Semiurban,Y
LP001831,Male,No,,Graduate,No,2833,0,71,360,1,Urban,Y
LP001832,Male,Yes,0,Graduate,,63337,0,490,180,1,Urban,Y
LP001833,,Yes,1,Graduate,Yes,9833,1833,182,180,1,Urban,Y
LP001834,Male,Yes,,Graduate,Yes,5503,4490,70,,1,Semiurban,Y
LP001835,Male,Yes,1,Graduate,,5250,688,160,360,1,Rural,Y
LP001836,Male,Yes,2,Graduate,Yes,2500,4600,176,360,1,Rural,Y
LP001837,Female,No,3+,Not Graduate,No,1830,0,,360,0,Urban,N
LP001838,Female,No,0,Graduate,No,4160,0,71,360,1,Semiurban,Y
LP001839,Male,Yes,3+,Not Graduate,No,2647,1587,173,360,1,Rural,N
LP001840,Male,Yes,3+,Not Graduate,No,2647,1587,173,360,1,Rural,N
LP001841,Female,No,0,Graduate,No,2378,0,46,360,1,Rural,N
LP001842,Female,No,0,Graduate,No,2378,0,46,360,1,Rural,N
LP001843,Male,Yes,1,Not Graduate,No,4554,1229,158,360,1,Urban,Y
LP001844,Male,Yes,1,Not Graduate,No,4554,1229,158,360,1,Urban,Y
LP001845,Male,Yes,3+,Not Graduate,No,3173,0,74,360,1,Semiurban,Y
LP001846,Male,Yes,3+,Not Graduate,No,3173,0,74,360,1,Semiurban,Y
LP001847,Male,Yes,2,Graduate,,2583,2330,125,360,1,Rural,Y
LP001848,Male,Yes,2,Graduate,,2583,2330,125,360,1,Rural,Y
LP001849,Male,Yes,0,Graduate,No,2499,2458,160,360,1,Semiurban,Y
LP001850,Male,Yes,0,Graduate,No,2499,2458,160,360,1,Semiurban,Y
LP001851,Male,Yes,,Not Graduate,No,3523,3230,152,360,0,Rural,N
LP001852,Male,Yes,,Not Graduate,No,3523,3230,152,360,0,Rural,N
LP001853,Male,Yes,2,Not Graduate,No,3083,2168,126,360,1,Urban,Y
LP001854,Male,Yes,2,Not Graduate,No,3083,2168,126,360,1,Urban,Y
LP001855,Male,Yes,0,Graduate,No,6333,4583,259,360,,Semiurban,Y
LP001856,Male,Yes,0,Graduate,No,6333,4583,259,360,,Semiurban,Y
LP001857,Male,Yes,0,Graduate,No,2625,6250,187,360,1,Rural,Y
LP001858,Male,Yes,0,Graduate,No,2625,6250,187,360,1,Rural,Y
LP001859,Male,Yes,0,Graduate,No,9083,0,228,360,1,Semiurban,Y
LP001860,Male,Yes,0,Graduate,No,9083,0,228,360,1,Semiurban,Y
LP001861,Male,No,0,Graduate,No,8750,4167,308,360,1,Rural,N
LP001862,Male,No,0,Graduate,No,8750,4167,308,360,1,Rural,N
LP001863,Male,Yes,3+,Graduate,No,2666,2083,95,360,1,Rural,Y
LP001864,Male,Yes,3+,Graduate,No,2666,2083,95,360,1,Rural,Y
LP001865,Female,Yes,0,Graduate,Yes,5500,0,105,360,0,Rural,N
LP001866,Female,Yes,0,Graduate,Yes,5500,0,105,360,0,Rural,N
LP001867,Female,Yes,0,Graduate,No,2423,505,130,360,1,Semiurban,Y
LP001868,Female,Yes,0,Graduate,No,2423,505,130,360,1,Semiurban,Y
LP001869,Female,No,,Graduate,No,3813,0,116,180,1,Urban,Y
LP001870,Female,No,,Graduate,No,3813,0,116,180,1,Urban,Y
LP001871,Male,Yes,2,Graduate,No,8333,3167,165,360,1,Rural,Y
LP001872,Male,Yes,2,Graduate,No,8333,3167,165,360,1,Rural,Y
LP001873,Male,Yes,1,Graduate,No,3875,0,67,360,1,Urban,N
LP001874,Male,Yes,1,Graduate,No,3875,0,67,360,1,Urban,N
LP001875,Male,Yes,0,Not Graduate,No,3000,1666,100,480,0,Urban,N
LP001876,Male,Yes,0,Not Graduate,No,3000,1666,100,480,0,Urban,N
LP001877,Male,Yes,3+,Graduate,No,5167,3167,200,360,1,Semiurban,Y
LP001878,Male,Yes,3+,Graduate,No,5167,3167,200,360,1,Semiurban,Y
LP001879,Female,No,1,Graduate,No,4723,0,81,360,1,Semiurban,N
LP001880,Male,Yes,2,Graduate,No,5000,3667,236,360,1,Semiurban,Y
LP001881,Male,Yes,0,Graduate,No,4750,2333,130,360,1,Urban,Y
LP001882,Male,Yes,0,Graduate,No,3013,3033,95,300,,Urban,Y
LP001883,Male,No,0,Graduate,Yes,6822,0,141,360,1,Rural,Y
LP001884,Male,No,0,Not Graduate,No,6216,0,133,360,1,Rural,N
LP001885,Male,No,0,Graduate,No,2500,0,96,480,1,Semiurban,N
LP001886,Male,No,0,Graduate,No,5124,0,124,,0,Rural,N
LP001887,Male,Yes,1,Graduate,No,6325,0,175,360,1,Semiurban,Y
LP001888,Male,Yes,0,Graduate,No,19730,5266,570,360,1,Rural,N
LP001889,Female,No,0,Graduate,Yes,15759,0,55,360,1,Semiurban,Y
LP001890,Male,Yes,2,Graduate,No,5185,0,155,360,1,Semiurban,Y
LP001891,Male,Yes,2,Graduate,Yes,9323,7873,380,300,1,Rural,Y
LP001892,Male,No,1,Graduate,No,3062,1987,111,180,0,Urban,N
LP001893,Female,No,0,Graduate,,2764,1459,110,360,1,Urban,Y
LP001894,Male,Yes,0,Graduate,No,4817,923,120,180,1,Urban,Y
LP001895,Male,Yes,3+,Graduate,No,8750,4996,130,360,1,Rural,Y
LP001896,Male,Yes,0,Graduate,No,4310,0,130,360,,Semiurban,Y
LP001897,Male,No,0,Graduate,No,3069,0,71,480,1,Urban,N
LP001898,Male,Yes,2,Graduate,No,5391,0,130,360,1,Urban,Y
LP001899,Male,Yes,0,Graduate,,3333,2500,128,360,1,Semiurban,Y
LP001900,Male,No,0,Graduate,No,5941,4232,296,360,1,Semiurban,Y
